{"name":"d34cedbf-8d78-4d10-b50f-ac43e78d202f","id":"/providers/Microsoft.Flow/flows/d34cedbf-8d78-4d10-b50f-ac43e78d202f","type":"Microsoft.Flow/flows","properties":{"apiId":"/providers/Microsoft.PowerApps/apis/shared_logicflows","displayName":"Team Request Approval","definition":{"metadata":{"workflowEntityId":null,"processAdvisorMetadata":null,"flowclientsuspensionreason":"None","flowclientsuspensiontime":null,"creator":{"id":"8043f45e-5184-4733-9fad-0b5fcd52a4c2","type":"User","tenantId":"1b16a865-353b-4114-869c-480e5cbfd47c"},"provisioningMethod":"FromDefinition","failureAlertSubscription":true,"clientLastModifiedTime":"2021-05-24T21:58:38.1246286Z"},"$schema":"https://schema.management.azure.com/providers/Microsoft.Logic/schemas/2016-06-01/workflowdefinition.json#","contentVersion":"1.0.0.0","parameters":{"$connections":{"defaultValue":{},"type":"Object"},"$authentication":{"defaultValue":{},"type":"SecureObject"}},"triggers":{"When_a_team_request_item_is_submitted":{"recurrence":{"frequency":"Minute","interval":5},"splitOn":"@triggerBody()?['value']","metadata":{"flowSystemMetadata":{"swaggerOperationId":"GetOnUpdatedItems"}},"type":"ApiConnection","inputs":{"host":{"connection":{"name":"@parameters('$connections')['shared_sharepointonline']['connectionId']"},"api":{"runtimeUrl":"https://power-apis-usgov001-public.azure-apihub.us/apim/sharepointonline"}},"method":"get","path":"/datasets/@{encodeURIComponent(encodeURIComponent('https://gov948759.sharepoint.com/sites/request-team'))}/tables/@{encodeURIComponent(encodeURIComponent('Teams Requests'))}/onupdateditems","authentication":"@parameters('$authentication')"},"conditions":[{"expression":"@equals(triggerBody()?['Status']?['Value'],'Submitted')"}]}},"actions":{"Initialize_ApprovalResponses_variable":{"runAfter":{"Admin_mail_id":["Succeeded"]},"type":"InitializeVariable","inputs":{"variables":[{"name":"ApprovalResponses","type":"String"}]}},"Initialize_Owners_variable":{"runAfter":{"Initialize_ApprovalDate_variable":["Succeeded"]},"type":"InitializeVariable","inputs":{"variables":[{"name":"Owners","type":"String"}]}},"Initialize_Members_variable":{"runAfter":{"Initialize_Owners_variable":["Succeeded"]},"type":"InitializeVariable","inputs":{"variables":[{"name":"Members","type":"String"}]}},"Loop_through_Members":{"foreach":"@triggerBody()?['Members']","actions":{"Build_Members_string":{"runAfter":{},"type":"Compose","inputs":"@if(Empty(variables('Members')),items('Loop_through_members')?['Email'],concat(variables('Members'),';',items('Loop_through_members')?['Email']))"},"Set_Members_variable":{"runAfter":{"Build_Members_string":["Succeeded"]},"type":"SetVariable","inputs":{"name":"Members","value":"@{outputs('Build_Members_string')}"}}},"runAfter":{"Get_Settings":["Succeeded"]},"type":"Foreach","description":"Loop through the Member users and build a string to use in the submitted email."},"Loop_through_Owners":{"foreach":"@triggerBody()?['Owners']","actions":{"Build_Owners_string":{"runAfter":{},"type":"Compose","inputs":"@if(Empty(variables('Owners')),items('Loop_through_owners')?['Email'],concat(variables('Owners'),';',items('Loop_through_owners')?['Email']))"},"Set_Owners_variable":{"runAfter":{"Build_Owners_string":["Succeeded"]},"type":"SetVariable","inputs":{"name":"Owners","value":"@{outputs('Build_Owners_string')}"}}},"runAfter":{"Loop_through_Members":["Succeeded"]},"type":"Foreach","description":"Loop through the Owner users and build a string to use in the submitted email."},"Initialize_ChannelID_variable":{"runAfter":{"Initialize_Members_variable":["Succeeded"]},"type":"InitializeVariable","inputs":{"variables":[{"name":"ChannelID","type":"string"}]}},"Initialize_TeamID_variable":{"runAfter":{"Initialize_ChannelID_variable":["Succeeded"]},"type":"InitializeVariable","inputs":{"variables":[{"name":"TeamID","type":"string"}]}},"Get_Settings":{"actions":{"Get_settings_items":{"runAfter":{},"metadata":{"flowSystemMetadata":{"swaggerOperationId":"GetItems"}},"type":"ApiConnection","inputs":{"host":{"connection":{"name":"@parameters('$connections')['shared_sharepointonline_1']['connectionId']"},"api":{"runtimeUrl":"https://power-apis-usgov001-public.azure-apihub.us/apim/sharepointonline"}},"method":"get","path":"/datasets/@{encodeURIComponent(encodeURIComponent(variables('Teams Request Site name')))}/tables/@{encodeURIComponent(encodeURIComponent('Team Request Settings'))}/items","authentication":"@parameters('$authentication')"}},"Loop_through_settings_items":{"foreach":"@body('Get_settings_items')?['value']","actions":{"Switch":{"runAfter":{},"cases":{"TeamsTeamID":{"case":"TeamsTeamID","actions":{"Set_TeamID_variable":{"runAfter":{},"type":"SetVariable","inputs":{"name":"TeamID","value":"@items('Loop_through_settings_items')?['Value']"}}}},"TeamsChannelID":{"case":"TeamsChannelID","actions":{"Set_ChannelID_variable":{"runAfter":{},"type":"SetVariable","inputs":{"name":"ChannelID","value":"@{items('Loop_through_settings_items')?['Value']}"}}}},"TeamsChannelTabID":{"case":"TeamsChannelTabID","actions":{"Set_TeamsChannelTabID_variable_":{"runAfter":{},"type":"SetVariable","inputs":{"name":"TeamsChannelTabID","value":"@{items('Loop_through_settings_items')?['Value']}"}}}},"TenantID":{"case":"TenantID","actions":{"Set_TenantID_variable":{"runAfter":{},"type":"SetVariable","inputs":{"name":"TenantID","value":"@{items('Loop_through_settings_items')?['Value']}"}}}}},"default":{"actions":{}},"expression":"@items('Loop_through_settings_items')?['Title']","type":"Switch"}},"runAfter":{"Get_settings_items":["Succeeded"]},"type":"Foreach"}},"runAfter":{"Initialize_ApproversEmailAddresses_variable":["Succeeded"]},"type":"Scope"},"Initialize_ApprovalResponse_variable":{"runAfter":{"Initialize_ApprovalComments_variable":["Succeeded"]},"type":"InitializeVariable","inputs":{"variables":[{"name":"ApprovalResponse","type":"string"}]}},"Initialize_ApprovalComments_variable":{"runAfter":{"Initialize_GetItemStatus":["Succeeded"]},"type":"InitializeVariable","inputs":{"variables":[{"name":"ApprovalComments","type":"string"}]}},"Initialize_ApprovalDate_variable":{"runAfter":{"Initialize_ApprovalResponse_variable":["Succeeded"]},"type":"InitializeVariable","inputs":{"variables":[{"name":"ApprovalDate","type":"string"}]}},"Update_status_to_Pending_Approval":{"runAfter":{"Loop_through_Owners":["Succeeded"]},"metadata":{"flowSystemMetadata":{"swaggerOperationId":"PatchItem"}},"type":"ApiConnection","inputs":{"host":{"connection":{"name":"@parameters('$connections')['shared_sharepointonline_1']['connectionId']"},"api":{"runtimeUrl":"https://power-apis-usgov001-public.azure-apihub.us/apim/sharepointonline"}},"method":"patch","body":{"Title":"@triggerBody()?['Title']","Status":{"Value":"Pending Approval"}},"path":"/datasets/@{encodeURIComponent(encodeURIComponent(variables('Teams Request Site name')))}/tables/@{encodeURIComponent(encodeURIComponent('Teams Requests'))}/items/@{encodeURIComponent(triggerBody()?['ID'])}","authentication":"@parameters('$authentication')"}},"Initialize_GetItemStatus":{"runAfter":{"Initialize_ApprovalResponses_variable":["Succeeded"]},"type":"InitializeVariable","inputs":{"variables":[{"name":"GetItemsStatus","type":"string","value":"@triggerBody()?['Status']?['Value']"}]}},"Teams_Request_Site":{"runAfter":{},"type":"InitializeVariable","inputs":{"variables":[{"name":"Teams Request Site name","type":"string","value":"https://gov948759.sharepoint.com/sites/request-team"}]}},"Admin_mail_id":{"runAfter":{"Teams_Request_Site":["Succeeded"]},"type":"InitializeVariable","inputs":{"variables":[{"name":"Admin mail id","type":"string","value":"admins@GOV948759.onmicrosoft.com"}]}},"Initialize_TeamsChannelTabID_variable":{"runAfter":{"Initialize_TeamID_variable":["Succeeded"]},"type":"InitializeVariable","inputs":{"variables":[{"name":"TeamsChannelTabID","type":"string"}]}},"Initialize_TenantID_variable":{"runAfter":{"Initialize_TeamsChannelTabID_variable":["Succeeded"]},"type":"InitializeVariable","inputs":{"variables":[{"name":"TenantID","type":"string"}]}},"Initialize_DeepLinkUrl_variable":{"runAfter":{"Initialize_TenantID_variable":["Succeeded"]},"type":"InitializeVariable","inputs":{"variables":[{"name":"DeepLinkUrl","type":"string"}]}},"Initialize_RequestedTeamOwners_variable":{"runAfter":{"Initialize_DeepLinkUrl_variable":["Succeeded"]},"type":"InitializeVariable","inputs":{"variables":[{"name":"RequestedTeamOwners","type":"string"}]}},"Initialize_RequestedTeamMembers_variable":{"runAfter":{"Initialize_RequestedTeamOwners_variable":["Succeeded"]},"type":"InitializeVariable","inputs":{"variables":[{"name":"RequestedTeamMembers","type":"string"}]}},"Get_Request_Details":{"runAfter":{"Update_status_to_Pending_Approval":["Succeeded"]},"metadata":{"flowSystemMetadata":{"swaggerOperationId":"HttpRequest"}},"type":"ApiConnection","inputs":{"host":{"connection":{"name":"@parameters('$connections')['shared_sharepointonline_1']['connectionId']"},"api":{"runtimeUrl":"https://power-apis-usgov001-public.azure-apihub.us/apim/sharepointonline"}},"method":"post","body":{"method":"GET","uri":"_api/web/lists/getByTitle('Teams%20Requests')/items(@{triggerBody()?['ID']})?$select=Title,TeamDescription,BusinessJustification,Visibility,TemplateTitle,ConfidentialData,Owners/Title,Members/Title&$expand=Owners,Members"},"path":"/datasets/@{encodeURIComponent(encodeURIComponent(variables('Teams Request Site name')))}/httprequest","authentication":"@parameters('$authentication')"}},"Parse_Request_Details_JSON_":{"runAfter":{"Get_Request_Details":["Succeeded"]},"type":"ParseJson","inputs":{"content":"@body('Get_Request_Details')","schema":{"type":"object","properties":{"d":{"type":"object","properties":{"__metadata":{"type":"object","properties":{"id":{"type":"string"},"uri":{"type":"string"},"etag":{"type":"string"},"type":{"type":"string"}}},"Owners":{"type":"object","properties":{"results":{"type":"array","items":{"type":"object","properties":{"__metadata":{"type":"object","properties":{"id":{"type":"string"},"type":{"type":"string"}}},"Title":{"type":"string"}},"required":["__metadata","Title"]}}}},"Members":{"type":"object","properties":{"results":{"type":"array","items":{"type":"object","properties":{"__metadata":{"type":"object","properties":{"id":{"type":"string"},"type":{"type":"string"}}},"Title":{"type":"string"}},"required":["__metadata","Title"]}}}},"Title":{"type":"string"},"TeamDescription":{"type":"string"},"BusinessJustification":{"type":"string"},"Visibility":{"type":"string"},"ConfidentialData":{"type":"boolean"},"TemplateTitle":{"type":"string"}}}}}}},"Loop_through_all_the_Owners_of_the_Requested_Team":{"foreach":"@body('Parse_Request_Details_JSON_')?['d']?['Owners']?['results']","actions":{"Append_Requested_Team_Owner_to_RequestedTeamOwners":{"runAfter":{},"type":"AppendToStringVariable","inputs":{"name":"RequestedTeamOwners","value":"@{items('Loop_through_all_the_Owners_of_the_Requested_Team')?['Title']}, "}}},"runAfter":{"Loop_through_all_the_Members_of_the_Requested_Team":["Succeeded"]},"type":"Foreach"},"Loop_through_all_the_Members_of_the_Requested_Team":{"foreach":"@body('Parse_Request_Details_JSON_')?['d']?['Members']?['results']","actions":{"Append_Requested_Team_Members_to_RequestedTeamMembers":{"runAfter":{},"type":"AppendToStringVariable","inputs":{"name":"RequestedTeamMembers","value":"@{items('Loop_through_all_the_Members_of_the_Requested_Team')?['Title']}, "}}},"runAfter":{"Parse_Request_Details_JSON_":["Succeeded"]},"type":"Foreach"},"Check_if_we_are_posting_to_Teams_and_build_deep_link":{"actions":{"Set_DeepLinkUrl_variable_to_a_Teams_channel":{"runAfter":{},"type":"SetVariable","inputs":{"name":"DeepLinkUrl","value":"https://teams.microsoft.com/l/entity/@{variables('TeamsChannelTabID')}/_djb2_msteams_prefix_399311052?context=%7B%22subEntityId%22%3A@{triggerBody()?['ID']}%2C%22channelId%22%3A%22@{replace(variables('ChannelID'), ':', '%3A')}%22%7D&groupId=@{variables('TeamID')}&tenantId=@{variables('TenantID')}"}}},"runAfter":{"Apply_to_each_Site_Members_Email":["Succeeded"]},"else":{"actions":{"Set_DeepLinkUrl_variable_to_personal_app":{"runAfter":{},"type":"SetVariable","inputs":{"name":"DeepLinkUrl","value":"https://teams.microsoft.com/l/entity/61b83224-8e49-44c0-961b-4d0b4c00d1db/61b83224-8e49-44c0-961b-4d0b4c00d1db?context=%7B%22subEntityId%22%3A%22@{triggerBody()?['ID']}%22%7D"}}}},"expression":{"and":[{"equals":["@empty(variables('TeamID'))","@false"]},{"equals":["@empty(variables('ChannelID'))","@false"]}]},"type":"If"},"Send_an_email_to_all_owners_and_members_of_the_team":{"runAfter":{"Check_if_we_are_posting_to_Teams_and_build_deep_link":["Succeeded"]},"metadata":{"flowSystemMetadata":{"swaggerOperationId":"SendEmailV2"}},"type":"ApiConnection","inputs":{"host":{"connection":{"name":"@parameters('$connections')['shared_office365']['connectionId']"},"api":{"runtimeUrl":"https://power-apis-usgov001-public.azure-apihub.us/apim/office365"}},"method":"post","body":{"To":"@variables('ApproversEmailAddresses')","Subject":"Request-a-Team - Aprove Request","Body":"<!doctype html>\n<html xmlns=\"http://www.w3.org/1999/xhtml\" xmlns:v=\"urn:schemas-microsoft-com:vml\"\n  xmlns:o=\"urn:schemas-microsoft-com:office:office\">\n\n<head>\n  <!-- NAME: 1 COLUMN -->\n  <!--[if gte mso 15]>\n        <xml>\n            <o:OfficeDocumentSettings>\n            <o:AllowPNG/>\n            <o:PixelsPerInch>96</o:PixelsPerInch>\n            </o:OfficeDocumentSettings>\n        </xml>\n        <![endif]-->\n  <meta charset=\"UTF-8\">\n  <meta http-equiv=\"X-UA-Compatible\" content=\"IE=edge\">\n  <meta name=\"viewport\" content=\"width=device-width, initial-scale=1\">\n  <title>Area Created</title>\n\n  <style type=\"text/css\">\n    p {\n      margin: 10px 0;\n      padding: 0;\n    }\n\n    table {\n      border-collapse: collapse;\n    }\n\n    h1,\n    h2,\n    h3,\n    h4,\n    h5,\n    h6 {\n      display: block;\n      margin: 0;\n      padding: 0;\n    }\n\n    img,\n    a img {\n      border: 0;\n      height: auto;\n      outline: none;\n      text-decoration: none;\n    }\n\n    body,\n    #bodyTable,\n    #bodyCell {\n      height: 100%;\n      margin: 0;\n      padding: 0;\n      width: 100%;\n    }\n\n    .mcnPreviewText {\n      display: none !important;\n    }\n\n    #outlook a {\n      padding: 0;\n    }\n\n    img {\n      -ms-interpolation-mode: bicubic;\n    }\n\n    table {\n      mso-table-lspace: 0pt;\n      mso-table-rspace: 0pt;\n    }\n\n    .ReadMsgBody {\n      width: 100%;\n    }\n\n    .ExternalClass {\n      width: 100%;\n    }\n\n    p,\n    a,\n    li,\n    td,\n    blockquote {\n      mso-line-height-rule: exactly;\n    }\n\n    a[href^=tel],\n    a[href^=sms] {\n      color: inherit;\n      cursor: default;\n      text-decoration: none;\n    }\n\n    p,\n    a,\n    li,\n    td,\n    body,\n    table,\n    blockquote {\n      -ms-text-size-adjust: 100%;\n      -webkit-text-size-adjust: 100%;\n    }\n\n    .ExternalClass,\n    .ExternalClass p,\n    .ExternalClass td,\n    .ExternalClass div,\n    .ExternalClass span,\n    .ExternalClass font {\n      line-height: 100%;\n    }\n\n    a[x-apple-data-detectors] {\n      color: inherit !important;\n      text-decoration: none !important;\n      font-size: inherit !important;\n      font-family: inherit !important;\n      font-weight: inherit !important;\n      line-height: inherit !important;\n    }\n\n    #bodyCell {\n      padding: 10px;\n    }\n\n    .templateContainer {\n      max-width: 600px !important;\n    }\n\n    a.mcnButton {\n      display: block;\n    }\n\n    .mcnImage,\n    .mcnRetinaImage {\n      vertical-align: bottom;\n    }\n\n    .mcnTextContent {\n      word-break: break-word;\n    }\n\n    .mcnTextContent img {\n      height: auto !important;\n    }\n\n    .mcnDividerBlock {\n      table-layout: fixed !important;\n    }\n\n    /*\n\t@tab Page\n\t@section Background Style\n\t@tip Set the background color and top border for your email. You may want to choose colors that match your company's branding.\n\t*/\n    body,\n    #bodyTable {\n      /*@editable*/\n      background-color: #FAFAFA;\n    }\n\n    /*\n\t@tab Page\n\t@section Background Style\n\t@tip Set the background color and top border for your email. You may want to choose colors that match your company's branding.\n\t*/\n    #bodyCell {\n      /*@editable*/\n      border-top: 0;\n    }\n\n    /*\n\t@tab Page\n\t@section Email Border\n\t@tip Set the border for your email.\n\t*/\n    .templateContainer {\n      /*@editable*/\n      border: 0;\n    }\n\n    /*\n\t@tab Page\n\t@section Heading 1\n\t@tip Set the styling for all first-level headings in your emails. These should be the largest of your headings.\n\t@style heading 1\n\t*/\n    h1 {\n      /*@editable*/\n      color: #202020;\n      /*@editable*/\n      font-family: Helvetica;\n      /*@editable*/\n      font-size: 26px;\n      /*@editable*/\n      font-style: normal;\n      /*@editable*/\n      font-weight: bold;\n      /*@editable*/\n      line-height: 125%;\n      /*@editable*/\n      letter-spacing: normal;\n      /*@editable*/\n      text-align: left;\n    }\n\n    /*\n\t@tab Page\n\t@section Heading 2\n\t@tip Set the styling for all second-level headings in your emails.\n\t@style heading 2\n\t*/\n    h2 {\n      /*@editable*/\n      color: #202020;\n      /*@editable*/\n      font-family: Helvetica;\n      /*@editable*/\n      font-size: 22px;\n      /*@editable*/\n      font-style: normal;\n      /*@editable*/\n      font-weight: bold;\n      /*@editable*/\n      line-height: 125%;\n      /*@editable*/\n      letter-spacing: normal;\n      /*@editable*/\n      text-align: left;\n    }\n\n    /*\n\t@tab Page\n\t@section Heading 3\n\t@tip Set the styling for all third-level headings in your emails.\n\t@style heading 3\n\t*/\n    h3 {\n      /*@editable*/\n      color: #202020;\n      /*@editable*/\n      font-family: Helvetica;\n      /*@editable*/\n      font-size: 20px;\n      /*@editable*/\n      font-style: normal;\n      /*@editable*/\n      font-weight: bold;\n      /*@editable*/\n      line-height: 125%;\n      /*@editable*/\n      letter-spacing: normal;\n      /*@editable*/\n      text-align: left;\n    }\n\n    /*\n\t@tab Page\n\t@section Heading 4\n\t@tip Set the styling for all fourth-level headings in your emails. These should be the smallest of your headings.\n\t@style heading 4\n\t*/\n    h4 {\n      /*@editable*/\n      color: #202020;\n      /*@editable*/\n      font-family: Helvetica;\n      /*@editable*/\n      font-size: 18px;\n      /*@editable*/\n      font-style: normal;\n      /*@editable*/\n      font-weight: bold;\n      /*@editable*/\n      line-height: 125%;\n      /*@editable*/\n      letter-spacing: normal;\n      /*@editable*/\n      text-align: left;\n    }\n\n    /*\n\t@tab Preheader\n\t@section Preheader Style\n\t@tip Set the background color and borders for your email's preheader area.\n\t*/\n    #templatePreheader {\n      /*@editable*/\n      background-color: #FAFAFA;\n      /*@editable*/\n      background-image: none;\n      /*@editable*/\n      background-repeat: no-repeat;\n      /*@editable*/\n      background-position: center;\n      /*@editable*/\n      background-size: cover;\n      /*@editable*/\n      border-top: 0;\n      /*@editable*/\n      border-bottom: 0;\n      /*@editable*/\n      padding-top: 9px;\n      /*@editable*/\n      padding-bottom: 9px;\n    }\n\n    /*\n\t@tab Preheader\n\t@section Preheader Text\n\t@tip Set the styling for your email's preheader text. Choose a size and color that is easy to read.\n\t*/\n    #templatePreheader .mcnTextContent,\n    #templatePreheader .mcnTextContent p {\n      /*@editable*/\n      color: #656565;\n      /*@editable*/\n      font-family: Helvetica;\n      /*@editable*/\n      font-size: 12px;\n      /*@editable*/\n      line-height: 150%;\n      /*@editable*/\n      text-align: left;\n    }\n\n    /*\n\t@tab Preheader\n\t@section Preheader Link\n\t@tip Set the styling for your email's preheader links. Choose a color that helps them stand out from your text.\n\t*/\n    #templatePreheader .mcnTextContent a,\n    #templatePreheader .mcnTextContent p a {\n      /*@editable*/\n      color: #656565;\n      /*@editable*/\n      font-weight: normal;\n      /*@editable*/\n      text-decoration: underline;\n    }\n\n    /*\n\t@tab Header\n\t@section Header Style\n\t@tip Set the background color and borders for your email's header area.\n\t*/\n    #templateHeader {\n      /*@editable*/\n      background-color: #FFFFFF;\n      /*@editable*/\n      background-image: none;\n      /*@editable*/\n      background-repeat: no-repeat;\n      /*@editable*/\n      background-position: center;\n      /*@editable*/\n      background-size: cover;\n      /*@editable*/\n      border-top: 0;\n      /*@editable*/\n      border-bottom: 0;\n      /*@editable*/\n      padding-top: 9px;\n      /*@editable*/\n      padding-bottom: 0;\n    }\n\n    /*\n\t@tab Header\n\t@section Header Text\n\t@tip Set the styling for your email's header text. Choose a size and color that is easy to read.\n\t*/\n    #templateHeader .mcnTextContent,\n    #templateHeader .mcnTextContent p {\n      /*@editable*/\n      color: #202020;\n      /*@editable*/\n      font-family: Helvetica;\n      /*@editable*/\n      font-size: 16px;\n      /*@editable*/\n      line-height: 150%;\n      /*@editable*/\n      text-align: left;\n    }\n\n    /*\n\t@tab Header\n\t@section Header Link\n\t@tip Set the styling for your email's header links. Choose a color that helps them stand out from your text.\n\t*/\n    #templateHeader .mcnTextContent a,\n    #templateHeader .mcnTextContent p a {\n      /*@editable*/\n      color: #007C89;\n      /*@editable*/\n      font-weight: normal;\n      /*@editable*/\n      text-decoration: underline;\n    }\n\n    /*\n\t@tab Body\n\t@section Body Style\n\t@tip Set the background color and borders for your email's body area.\n\t*/\n    #templateBody {\n      /*@editable*/\n      background-color: #FFFFFF;\n      /*@editable*/\n      background-image: none;\n      /*@editable*/\n      background-repeat: no-repeat;\n      /*@editable*/\n      background-position: center;\n      /*@editable*/\n      background-size: cover;\n      /*@editable*/\n      border-top: 0;\n      /*@editable*/\n      border-bottom: 2px solid #EAEAEA;\n      /*@editable*/\n      padding-top: 0;\n      /*@editable*/\n      padding-bottom: 9px;\n    }\n\n    /*\n\t@tab Body\n\t@section Body Text\n\t@tip Set the styling for your email's body text. Choose a size and color that is easy to read.\n\t*/\n    #templateBody .mcnTextContent,\n    #templateBody .mcnTextContent p {\n      /*@editable*/\n      color: #202020;\n      /*@editable*/\n      font-family: Helvetica;\n      /*@editable*/\n      font-size: 16px;\n      /*@editable*/\n      line-height: 150%;\n      /*@editable*/\n      text-align: left;\n    }\n\n    /*\n\t@tab Body\n\t@section Body Link\n\t@tip Set the styling for your email's body links. Choose a color that helps them stand out from your text.\n\t*/\n    #templateBody .mcnTextContent a,\n    #templateBody .mcnTextContent p a {\n      /*@editable*/\n      color: #007C89;\n      /*@editable*/\n      font-weight: normal;\n      /*@editable*/\n      text-decoration: underline;\n    }\n\n    /*\n\t@tab Footer\n\t@section Footer Style\n\t@tip Set the background color and borders for your email's footer area.\n\t*/\n    #templateFooter {\n      /*@editable*/\n      background-color: #ffffff;\n      /*@editable*/\n      background-image: none;\n      /*@editable*/\n      background-repeat: no-repeat;\n      /*@editable*/\n      background-position: center;\n      /*@editable*/\n      background-size: cover;\n      /*@editable*/\n      border-top: 0;\n      /*@editable*/\n      border-bottom: 0;\n      /*@editable*/\n      padding-top: 9px;\n      /*@editable*/\n      padding-bottom: 9px;\n    }\n\n    /*\n\t@tab Footer\n\t@section Footer Text\n\t@tip Set the styling for your email's footer text. Choose a size and color that is easy to read.\n\t*/\n    #templateFooter .mcnTextContent,\n    #templateFooter .mcnTextContent p {\n      /*@editable*/\n      color: #e74d4d;\n      /*@editable*/\n      font-family: Helvetica;\n      /*@editable*/\n      font-size: 12px;\n      /*@editable*/\n      line-height: 150%;\n      /*@editable*/\n      text-align: center;\n    }\n\n    /*\n\t@tab Footer\n\t@section Footer Link\n\t@tip Set the styling for your email's footer links. Choose a color that helps them stand out from your text.\n\t*/\n    #templateFooter .mcnTextContent a,\n    #templateFooter .mcnTextContent p a {\n      /*@editable*/\n      color: #656565;\n      /*@editable*/\n      font-weight: normal;\n      /*@editable*/\n      text-decoration: underline;\n    }\n\n    @media only screen and (min-width:768px) {\n      .templateContainer {\n        width: 600px !important;\n      }\n\n    }\n\n    @media only screen and (max-width: 480px) {\n\n      body,\n      table,\n      td,\n      p,\n      a,\n      li,\n      blockquote {\n        -webkit-text-size-adjust: none !important;\n      }\n\n    }\n\n    @media only screen and (max-width: 480px) {\n      body {\n        width: 100% !important;\n        min-width: 100% !important;\n      }\n\n    }\n\n    @media only screen and (max-width: 480px) {\n      #bodyCell {\n        padding-top: 10px !important;\n      }\n\n    }\n\n    @media only screen and (max-width: 480px) {\n      .mcnRetinaImage {\n        max-width: 100% !important;\n      }\n\n    }\n\n    @media only screen and (max-width: 480px) {\n      .mcnImage {\n        width: 100% !important;\n      }\n\n    }\n\n    @media only screen and (max-width: 480px) {\n\n      .mcnCartContainer,\n      .mcnCaptionTopContent,\n      .mcnRecContentContainer,\n      .mcnCaptionBottomContent,\n      .mcnTextContentContainer,\n      .mcnBoxedTextContentContainer,\n      .mcnImageGroupContentContainer,\n      .mcnCaptionLeftTextContentContainer,\n      .mcnCaptionRightTextContentContainer,\n      .mcnCaptionLeftImageContentContainer,\n      .mcnCaptionRightImageContentContainer,\n      .mcnImageCardLeftTextContentContainer,\n      .mcnImageCardRightTextContentContainer,\n      .mcnImageCardLeftImageContentContainer,\n      .mcnImageCardRightImageContentContainer {\n        max-width: 100% !important;\n        width: 100% !important;\n      }\n\n    }\n\n    @media only screen and (max-width: 480px) {\n      .mcnBoxedTextContentContainer {\n        min-width: 100% !important;\n      }\n\n    }\n\n    @media only screen and (max-width: 480px) {\n      .mcnImageGroupContent {\n        padding: 9px !important;\n      }\n\n    }\n\n    @media only screen and (max-width: 480px) {\n\n      .mcnCaptionLeftContentOuter .mcnTextContent,\n      .mcnCaptionRightContentOuter .mcnTextContent {\n        padding-top: 9px !important;\n      }\n\n    }\n\n    @media only screen and (max-width: 480px) {\n\n      .mcnImageCardTopImageContent,\n      .mcnCaptionBottomContent:last-child .mcnCaptionBottomImageContent,\n      .mcnCaptionBlockInner .mcnCaptionTopContent:last-child .mcnTextContent {\n        padding-top: 18px !important;\n      }\n\n    }\n\n    @media only screen and (max-width: 480px) {\n      .mcnImageCardBottomImageContent {\n        padding-bottom: 9px !important;\n      }\n\n    }\n\n    @media only screen and (max-width: 480px) {\n      .mcnImageGroupBlockInner {\n        padding-top: 0 !important;\n        padding-bottom: 0 !important;\n      }\n\n    }\n\n    @media only screen and (max-width: 480px) {\n      .mcnImageGroupBlockOuter {\n        padding-top: 9px !important;\n        padding-bottom: 9px !important;\n      }\n\n    }\n\n    @media only screen and (max-width: 480px) {\n\n      .mcnTextContent,\n      .mcnBoxedTextContentColumn {\n        padding-right: 18px !important;\n        padding-left: 18px !important;\n      }\n\n    }\n\n    @media only screen and (max-width: 480px) {\n\n      .mcnImageCardLeftImageContent,\n      .mcnImageCardRightImageContent {\n        padding-right: 18px !important;\n        padding-bottom: 0 !important;\n        padding-left: 18px !important;\n      }\n\n    }\n\n    @media only screen and (max-width: 480px) {\n      .mcpreview-image-uploader {\n        display: none !important;\n        width: 100% !important;\n      }\n\n    }\n\n    @media only screen and (max-width: 480px) {\n\n      /*\n\t@tab Mobile Styles\n\t@section Heading 1\n\t@tip Make the first-level headings larger in size for better readability on small screens.\n\t*/\n      h1 {\n        /*@editable*/\n        font-size: 22px !important;\n        /*@editable*/\n        line-height: 125% !important;\n      }\n\n    }\n\n    @media only screen and (max-width: 480px) {\n\n      /*\n\t@tab Mobile Styles\n\t@section Heading 2\n\t@tip Make the second-level headings larger in size for better readability on small screens.\n\t*/\n      h2 {\n        /*@editable*/\n        font-size: 20px !important;\n        /*@editable*/\n        line-height: 125% !important;\n      }\n\n    }\n\n    @media only screen and (max-width: 480px) {\n\n      /*\n\t@tab Mobile Styles\n\t@section Heading 3\n\t@tip Make the third-level headings larger in size for better readability on small screens.\n\t*/\n      h3 {\n        /*@editable*/\n        font-size: 18px !important;\n        /*@editable*/\n        line-height: 125% !important;\n      }\n\n    }\n\n    @media only screen and (max-width: 480px) {\n\n      /*\n\t@tab Mobile Styles\n\t@section Heading 4\n\t@tip Make the fourth-level headings larger in size for better readability on small screens.\n\t*/\n      h4 {\n        /*@editable*/\n        font-size: 16px !important;\n        /*@editable*/\n        line-height: 150% !important;\n      }\n\n    }\n\n    @media only screen and (max-width: 480px) {\n\n      /*\n\t@tab Mobile Styles\n\t@section Boxed Text\n\t@tip Make the boxed text larger in size for better readability on small screens. We recommend a font size of at least 16px.\n\t*/\n      .mcnBoxedTextContentContainer .mcnTextContent,\n      .mcnBoxedTextContentContainer .mcnTextContent p {\n        /*@editable*/\n        font-size: 14px !important;\n        /*@editable*/\n        line-height: 150% !important;\n      }\n\n    }\n\n    @media only screen and (max-width: 480px) {\n\n      /*\n\t@tab Mobile Styles\n\t@section Preheader Visibility\n\t@tip Set the visibility of the email's preheader on small screens. You can hide it to save space.\n\t*/\n      #templatePreheader {\n        /*@editable*/\n        display: block !important;\n      }\n\n    }\n\n    @media only screen and (max-width: 480px) {\n\n      /*\n\t@tab Mobile Styles\n\t@section Preheader Text\n\t@tip Make the preheader text larger in size for better readability on small screens.\n\t*/\n      #templatePreheader .mcnTextContent,\n      #templatePreheader .mcnTextContent p {\n        /*@editable*/\n        font-size: 14px !important;\n        /*@editable*/\n        line-height: 150% !important;\n      }\n\n    }\n\n    @media only screen and (max-width: 480px) {\n\n      /*\n\t@tab Mobile Styles\n\t@section Header Text\n\t@tip Make the header text larger in size for better readability on small screens.\n\t*/\n      #templateHeader .mcnTextContent,\n      #templateHeader .mcnTextContent p {\n        /*@editable*/\n        font-size: 16px !important;\n        /*@editable*/\n        line-height: 150% !important;\n      }\n\n    }\n\n    @media only screen and (max-width: 480px) {\n\n      /*\n\t@tab Mobile Styles\n\t@section Body Text\n\t@tip Make the body text larger in size for better readability on small screens. We recommend a font size of at least 16px.\n\t*/\n      #templateBody .mcnTextContent,\n      #templateBody .mcnTextContent p {\n        /*@editable*/\n        font-size: 16px !important;\n        /*@editable*/\n        line-height: 150% !important;\n      }\n\n    }\n\n    @media only screen and (max-width: 480px) {\n\n      /*\n\t@tab Mobile Styles\n\t@section Footer Text\n\t@tip Make the footer content text larger in size for better readability on small screens.\n\t*/\n      #templateFooter .mcnTextContent,\n      #templateFooter .mcnTextContent p {\n        /*@editable*/\n        font-size: 14px !important;\n        /*@editable*/\n        line-height: 150% !important;\n      }\n\n    }\n    .requestField {\n      width: 30%;\n      font-weight: bold;\n      padding: 7px;\n    }\n    .requestValue {\n      padding: 7px;\n    }\n    .requestData {\n      border-bottom:1px solid #efefef ;\n    }\n  </style>\n</head>\n\n<body>\n  <!--*|IF:MC_PREVIEW_TEXT|*-->\n  <!--[if !gte mso 9]><!----><span class=\"mcnPreviewText\"\n    style=\"display:none; font-size:0px; line-height:0px; max-height:0px; max-width:0px; opacity:0; overflow:hidden; visibility:hidden; mso-hide:all;\">Team\n    reated</span>\n  <!--<![endif]-->\n  <!--*|END:IF|*-->\n  <center>\n    <table align=\"center\" border=\"0\" cellpadding=\"0\" cellspacing=\"0\" height=\"100%\" width=\"100%\" id=\"bodyTable\">\n      <tr>\n        <td align=\"center\" valign=\"top\" id=\"bodyCell\">\n          <!-- BEGIN TEMPLATE // -->\n          <!--[if (gte mso 9)|(IE)]>\n                        <table align=\"center\" border=\"0\" cellspacing=\"0\" cellpadding=\"0\" width=\"600\" style=\"width:600px;\">\n                        <tr>\n                        <td align=\"center\" valign=\"top\" width=\"600\" style=\"width:600px;\">\n                        <![endif]-->\n          <table border=\"0\" cellpadding=\"0\" cellspacing=\"0\" width=\"100%\" class=\"templateContainer\">\n            <tr>\n              <td valign=\"top\" id=\"templatePreheader\">\n                <table border=\"0\" cellpadding=\"0\" cellspacing=\"0\" width=\"100%\" class=\"mcnTextBlock\"\n                  style=\"min-width:100%;\">\n                  <tbody class=\"mcnTextBlockOuter\">\n                    <tr>\n                      <td valign=\"top\" class=\"mcnTextBlockInner\" style=\"padding-top:9px;\">\n                        <!--[if mso]>\n\t\t\t\t<table align=\"left\" border=\"0\" cellspacing=\"0\" cellpadding=\"0\" width=\"100%\" style=\"width:100%;\">\n\t\t\t\t<tr>\n\t\t\t\t<![endif]-->\n\n                        <!--[if mso]>\n\t\t\t\t<td valign=\"top\" width=\"600\" style=\"width:600px;\">\n\t\t\t\t<![endif]-->\n                        <!--[if mso]>\n\t\t\t\t</td>\n\t\t\t\t<![endif]-->\n\n                        <!--[if mso]>\n\t\t\t\t</tr>\n\t\t\t\t</table>\n\t\t\t\t<![endif]-->\n                      </td>\n                    </tr>\n                  </tbody>\n                </table>\n              </td>\n            </tr>\n            <tr>\n              <td valign=\"top\" id=\"templateHeader\">\n                <table border=\"0\" cellpadding=\"0\" cellspacing=\"0\" width=\"100%\" class=\"mcnImageBlock\"\n                  style=\"min-width:100%;\">\n                </table>\n                <table border=\"0\" cellpadding=\"0\" cellspacing=\"0\" width=\"100%\" class=\"mcnBoxedTextBlock\"\n                  style=\"min-width:100%;\">\n                  <!--[if gte mso 9]>\n\t<table align=\"center\" border=\"0\" cellspacing=\"0\" cellpadding=\"0\" width=\"100%\">\n\t<![endif]-->\n                  <tbody class=\"mcnBoxedTextBlockOuter\">\n                    <tr>\n                      <td valign=\"top\" class=\"mcnBoxedTextBlockInner\">\n\n                        <!--[if gte mso 9]>\n\t\t\t\t<td align=\"center\" valign=\"top\" \">\n\t\t\t\t<![endif]-->\n                        <table align=\"left\" border=\"0\" cellpadding=\"0\" cellspacing=\"0\" width=\"100%\"\n                          style=\"min-width:100%;\" class=\"mcnBoxedTextContentContainer\">\n                          <tbody>\n                            <tr>\n\n                              <td style=\"padding-top:9px; padding-left:18px; padding-bottom:9px; padding-right:18px;\">\n\n                                <table border=\"0\" cellspacing=\"0\" class=\"mcnTextContentContainer\" width=\"100%\"\n                                  style=\"min-width: 100% !important;background-color:#6264a7\">\n                                  <tbody>\n                                    <tr>\n                                      <td valign=\"top\" class=\"mcnTextContent\"\n                                        style=\"padding: 18px;color: #F2F2F2;font-family: Helvetica;font-size: 14px;font-weight: normal;text-align: center;\">\n                                        <h2 class=\"null\" style=\"text-align: center;\">\n                                          <font color=\"#ffffff\">Microsoft Teams Request</font>\n                                        </h2>\n\n                                      </td>\n                                    </tr>\n                                  </tbody>\n                                </table>\n                              </td>\n                            </tr>\n                          </tbody>\n                        </table>\n                        <!--[if gte mso 9]>\n\t\t\t\t</td>\n\t\t\t\t<![endif]-->\n\n                        <!--[if gte mso 9]>\n                </tr>\n                </table>\n\t\t\t\t<![endif]-->\n                      </td>\n                    </tr>\n                  </tbody>\n                </table>\n                <table border=\"0\" cellpadding=\"0\" cellspacing=\"0\" width=\"100%\" class=\"mcnBoxedTextBlock\"\n                  style=\"min-width:100%;\">\n                  <!--[if gte mso 9]>\n\t<table align=\"center\" border=\"0\" cellspacing=\"0\" cellpadding=\"0\" width=\"100%\">\n\t<![endif]-->\n                  <tbody class=\"mcnBoxedTextBlockOuter\">\n                    <tr>\n                      <td valign=\"top\" class=\"mcnBoxedTextBlockInner\">\n\n                        <!--[if gte mso 9]>\n\t\t\t\t<td align=\"center\" valign=\"top\" \">\n\t\t\t\t<![endif]-->\n                        <table align=\"left\" border=\"0\" cellpadding=\"0\" cellspacing=\"0\" width=\"100%\"\n                          style=\"min-width:100%;\" class=\"mcnBoxedTextContentContainer\">\n                          <tbody>\n                            <tr>\n\n                              <td style=\"padding-top:9px; padding-left:18px; padding-bottom:9px; padding-right:18px;\">\n\n                                <table border=\"0\" cellspacing=\"0\" class=\"mcnTextContentContainer\" width=\"100%\"\n                                  style=\"min-width:100% !important;\">\n                                  <tbody>\n                                    <tr>\n                                      <td colspan=\"2\" valign=\"top\" class=\"mcnTextContent\" style=\"padding: 3px 3px 17px 3px;color: #000000;font-family: Helvetica;font-size: 14px;font-weight: normal; text-align: center;\">\n                                        <br>\n                                        A request for a new Team has been submitted and requires your approval.<br><br>\n                                        <a href=\"@{variables('DeepLinkUrl')}\" target=\"_blank\">Click here to approve or reject it.</a>\n                                        <br><br>                                        \n                                      </td>\n                                    </tr>\n                                    <tr>\n                                      <td colspan=\"2\" valign=\"top\" class=\"mcnTextContent\" style=\"padding: 3px 3px 17px 3px;color: #000000;font-family: Helvetica;font-size: 14px;font-weight: normal;\">\n                                        <span style=\"font-size:19px\"><strong>Request Details</strong></span><br>\n                                      </td>\n                                    </tr>\n                                    <tr class=\"requestData\">\n                                      <td class=\"mcnTextContent requestField\">\n                                        Team name\n                                      </td>\n                                      <td class=\"mcnTextContent requestValue\">\n                                        @{body('Parse_Request_Details_JSON_')?['d']?['Title']}\n                                      </td>\n                                    </tr>\n                                    <tr class=\"requestData\">\n                                      <td class=\"mcnTextContent requestField\">\n                                        Description\n                                      </td>\n                                      <td class=\"mcnTextContent requestValue\">\n                                        @{body('Parse_Request_Details_JSON_')?['d']?['TeamDescription']}\n                                      </td>\n                                    </tr>\n                                    <tr class=\"requestData\">\n                                      <td class=\"mcnTextContent requestField\">\n                                        Business reason\n                                      </td>\n                                      <td class=\"mcnTextContent requestValue\">\n                                        @{body('Parse_Request_Details_JSON_')?['d']?['BusinessJustification']}\n                                      </td>\n                                    </tr>\n                                    <tr class=\"requestData\">\n                                      <td class=\"mcnTextContent requestField\">\n                                        Owners\n                                      </td>\n                                      <td class=\"mcnTextContent requestValue\">\n                                        @{variables('RequestedTeamOwners')}\n                                      </td>\n                                    </tr>\n                                    <tr class=\"requestData\">\n                                      <td class=\"mcnTextContent requestField\">\n                                        Members\n                                      </td>\n                                      <td class=\"mcnTextContent requestValue\">\n                                        @{variables('RequestedTeamMembers')}\n                                      </td>\n                                    </tr>\n                                    <tr class=\"requestData\">\n                                      <td class=\"mcnTextContent requestField\">\n                                        Confidential data\n                                      </td>\n                                      <td class=\"mcnTextContent requestValue\">\n                                        @{body('Parse_Request_Details_JSON_')?['d']?['ConfidentialData']}\n                                      </td>\n                                    </tr>\n                                    <tr class=\"requestData\">\n                                      <td class=\"mcnTextContent requestField\">\n                                        Visibility\n                                      </td>\n                                      <td class=\"mcnTextContent requestValue\">\n                                        @{body('Parse_Request_Details_JSON_')?['d']?['Visibility']}\n                                      </td>\n                                    </tr>\n                                    <tr class=\"requestData\">\n                                      <td class=\"mcnTextContent requestField\">\n                                        Template\n                                      </td>\n                                      <td class=\"mcnTextContent requestValue\">\n                                        @{body('Parse_Request_Details_JSON_')?['d']?['TemplateTitle']}\n                                      </td>\n                                    </tr>                                    \n                                  </tbody>\n                                </table>\n                              </td>\n                            </tr>\n                          </tbody>\n                        </table>\n                        <!--[if gte mso 9]>\n\t\t\t\t</td>\n\t\t\t\t<![endif]-->\n\n                        <!--[if gte mso 9]>\n                </tr>\n                </table>\n\t\t\t\t<![endif]-->\n                      </td>\n                    </tr>\n                  </tbody>\n                </table>\n              </td>\n            </tr>\n\n\n          </table>\n          <!--[if (gte mso 9)|(IE)]>\n                        </td>\n                        </tr>\n                        </table>\n                        <![endif]-->\n          <!-- // END TEMPLATE -->\n        </td>\n      </tr>\n    </table>\n  </center>\n</body>\n</html>"},"path":"/v2/Mail","authentication":"@parameters('$authentication')"}},"Initialize_ApproversEmailAddresses_variable":{"runAfter":{"Initialize_RequestedTeamMembers_variable":["Succeeded"]},"type":"InitializeVariable","inputs":{"variables":[{"name":"ApproversEmailAddresses","type":"string"}]}},"Get_Request_Site_Owners_Emails":{"runAfter":{"Loop_through_all_the_Owners_of_the_Requested_Team":["Succeeded"]},"metadata":{"flowSystemMetadata":{"swaggerOperationId":"HttpRequest"}},"type":"ApiConnection","inputs":{"host":{"connection":{"name":"@parameters('$connections')['shared_sharepointonline_1']['connectionId']"},"api":{"runtimeUrl":"https://power-apis-usgov001-public.azure-apihub.us/apim/sharepointonline"}},"method":"post","body":{"method":"GET","uri":"/_api/Web/AssociatedOwnerGroup/Users?$select=Email"},"path":"/datasets/@{encodeURIComponent(encodeURIComponent(variables('Teams Request Site name')))}/httprequest","authentication":"@parameters('$authentication')"}},"Parse_Request_Site_Owners_Emails_JSON":{"runAfter":{"Get_Request_Site_Owners_Emails":["Succeeded"]},"type":"ParseJson","inputs":{"content":"@body('Get_Request_Site_Owners_Emails')","schema":{"type":"object","properties":{"d":{"type":"object","properties":{"results":{"type":"array","items":{"type":"object","properties":{"__metadata":{"type":"object","properties":{"id":{"type":"string"},"uri":{"type":"string"},"type":{"type":"string"}}},"Email":{"type":"string"}},"required":["__metadata","Email"]}}}}}}}},"Apply_to_each_Site_Owners_Email":{"foreach":"@body('Parse_Request_Site_Owners_Emails_JSON')?['d']?['results']","actions":{"Append_owner's_email_to_Approvers_Email_Addresses":{"runAfter":{},"type":"AppendToStringVariable","inputs":{"name":"ApproversEmailAddresses","value":"@{items('Apply_to_each_Site_Owners_Email')?['Email']};"}}},"runAfter":{"Parse_Request_Site_Owners_Emails_JSON":["Succeeded"]},"type":"Foreach"},"Get_Request_Site_Members_Email":{"runAfter":{"Apply_to_each_Site_Owners_Email":["Succeeded"]},"metadata":{"flowSystemMetadata":{"swaggerOperationId":"HttpRequest"}},"type":"ApiConnection","inputs":{"host":{"connection":{"name":"@parameters('$connections')['shared_sharepointonline_1']['connectionId']"},"api":{"runtimeUrl":"https://power-apis-usgov001-public.azure-apihub.us/apim/sharepointonline"}},"method":"post","body":{"method":"GET","uri":"_api/Web/AssociatedMemberGroup/Users?$select=Email"},"path":"/datasets/@{encodeURIComponent(encodeURIComponent(variables('Teams Request Site name')))}/httprequest","authentication":"@parameters('$authentication')"}},"Parse_Request_Site_Members_Emails_JSON":{"runAfter":{"Get_Request_Site_Members_Email":["Succeeded"]},"type":"ParseJson","inputs":{"content":"@body('Get_Request_Site_Members_Email')","schema":{"type":"object","properties":{"d":{"type":"object","properties":{"results":{"type":"array","items":{"type":"object","properties":{"__metadata":{"type":"object","properties":{"id":{"type":"string"},"uri":{"type":"string"},"type":{"type":"string"}}},"Email":{"type":"string"}},"required":["__metadata","Email"]}}}}}}}},"Apply_to_each_Site_Members_Email":{"foreach":"@body('Parse_Request_Site_Members_Emails_JSON')?['d']?['results']","actions":{"Append_owner's_email_to_Approvers_Email_Addresses_2":{"runAfter":{},"type":"AppendToStringVariable","inputs":{"name":"ApproversEmailAddresses","value":"@{items('Apply_to_each_Site_Members_Email')?['Email']};"}}},"runAfter":{"Parse_Request_Site_Members_Emails_JSON":["Succeeded"]},"type":"Foreach"}}},"connectionReferences":{"shared_sharepointonline_1":{"connectionName":"cee6a8280c7443d6bd7b83201041197e","source":"Embedded","id":"/providers/Microsoft.PowerApps/apis/shared_sharepointonline","tier":"NotSpecified"},"shared_office365":{"connectionName":"shared-office365-9b3a0f4d-a2cc-47db-beba-78a639103417","source":"Embedded","id":"/providers/Microsoft.PowerApps/apis/shared_office365","tier":"NotSpecified"},"shared_sharepointonline":{"connectionName":"cee6a8280c7443d6bd7b83201041197e","source":"Embedded","id":"/providers/Microsoft.PowerApps/apis/shared_sharepointonline","tier":"NotSpecified"}},"flowFailureAlertSubscribed":false}}