{"schemaVersion":"1.0","appDefinitionTemplate":{"id":"/providers/Microsoft.PowerApps/apps/","type":"Microsoft.PowerApps/apps","tags":{"primaryDeviceWidth":"1366","primaryDeviceHeight":"768","sienaVersion":"20210521T201539Z-3.21051.28.0","deviceCapabilities":"","supportsPortrait":"false","supportsLandscape":"true","primaryFormFactor":"Tablet","publisherVersion":"3.21051.28","minimumRequiredApiVersion":"2.2.0","hasComponent":"false","hasUnlockedComponent":"false","isUnifiedRootApp":"false"},"properties":{"appVersion":"2021-05-21T20:15:39Z","lifeCycleId":"Published","createdByClientVersion":{"major":3,"minor":21051,"build":28,"revision":0,"majorRevision":0,"minorRevision":0},"minClientVersion":{"major":3,"minor":21051,"build":28,"revision":0,"majorRevision":0,"minorRevision":0},"backgroundColor":"rgba(104, 101, 171, 1)","backgroundImageUri":"/9064814942528079881/N651048b6-3cd7-4e83-b0e6-d84572bd617b-logoSmallFile","displayName":"Request-a-team","description":"","commitMessage":"","appUris":{"documentUri":{"value":"/9064814942528079881/Nb91f3b0c-1ba0-48c5-9dfa-c80b404ead44-document.msapp"},"imageUris":[]},"createdTime":"0001-01-01T00:00:00Z","lastModifiedTime":"0001-01-01T00:00:00Z","sharedGroupsCount":0,"sharedUsersCount":0,"icons":{"smallIconUri":"/9064814942528079881/Nf4cffcf1-82b9-4672-9f45-fbbcb8bd7d56-small.png","mediumIconUri":"/9064814942528079881/N68248b56-1b0a-490f-88ba-9853e243fbde-medium.png","largeIconUri":"/9064814942528079881/Nc9b86b0b-18d4-441e-8b42-a1cd98d51dc2-large.png","wideIconUri":"/9064814942528079881/N60e048ab-3ab8-4982-a94c-023031b5365e-wide.png"},"connectionReferences":{"9d5036a3-8b23-4125-a5cc-7dc0dbb2f8cb":{"id":"3033e2c2-25ba-4531-95a8-f6fb1c6d925e","displayName":"Office 365 Users","iconUri":"https://connectoricons-prod.azureedge.net/releases/v1.0.1460/1.0.1460.2389/office365users/icon.png","dataSources":["Office365Users"],"dependencies":[],"dependents":[],"parameterHints":{},"isOnPremiseConnection":false,"bypassConsent":false,"dataSets":{},"apiTier":"Standard","isCustomApiConnection":false,"actions":["MyProfile","MyProfileV2"]},"a65df3f8-e66c-4cbd-b13f-458b7e96f677":{"id":"39bcddd7-e322-42e3-be7c-c63459aabbde","displayName":"Office 365 Groups","iconUri":"https://connectoricons-prod.azureedge.net/releases/v1.0.1464/1.0.1464.2404/office365groups/icon.png","dataSources":["Office365Groups"],"dependencies":[],"dependents":[],"parameterHints":{},"isOnPremiseConnection":false,"bypassConsent":false,"dataSets":{},"apiTier":"Standard","isCustomApiConnection":false,"actions":["ListGroupMembers"]},"14c37329-71cb-4e91-9356-939f0be4f408":{"id":"d5a8bc84-8e92-42d9-b5cd-27b8099fdcfd","displayName":"Logic flows","iconUri":"https://connectoricons-prod.azureedge.net/releases/v1.0.1438/1.0.1438.2324/logicflows/icon.png","dataSources":["CheckTeamAvailability"],"dependencies":["86b33c7f-7bba-449f-a683-4b841543ee05"],"dependents":[],"parameterHints":{"workflowName":{"value":"e3f7717f-3f01-46e0-ba3f-c553012d950e"},"86b33c7f-7bba-449f-a683-4b841543ee05":{"value":"shared_sharepointonline"}},"isOnPremiseConnection":false,"bypassConsent":false,"dataSets":{},"apiTier":"Standard","isCustomApiConnection":false,"actions":["Run"]},"86b33c7f-7bba-449f-a683-4b841543ee05":{"id":"d3ac53aa-543c-416e-be9b-f26e9f19d0b7","displayName":"SharePoint","iconUri":"https://connectoricons-prod.azureedge.net/releases/v1.0.1472/1.0.1472.2427/sharepointonline/icon.png","dataSources":[],"dependencies":[],"dependents":["14c37329-71cb-4e91-9356-939f0be4f408"],"parameterHints":{},"isOnPremiseConnection":false,"bypassConsent":false,"dataSets":{},"apiTier":"Standard","isCustomApiConnection":false},"2949c57a-c566-45a2-86d6-d7e33c7de56a":{"id":"d3ac53aa-543c-416e-be9b-f26e9f19d0b7","displayName":"SharePoint","iconUri":"https://connectoricons-prod.azureedge.net/releases/v1.0.1472/1.0.1472.2427/sharepointonline/icon.png","dataSources":["Team Request Settings","Teams Requests","Teams Templates"],"dependencies":[],"dependents":[],"parameterHints":{},"isOnPremiseConnection":false,"bypassConsent":false,"dataSets":{"https://gov948759.sharepoint.com/sites/request-team":{"dataSources":{"Team Request Settings":{"tableName":"1fda669b-c4be-4ce5-adb9-b31237c552ad"},"Teams Requests":{"tableName":"3605340e-8bea-42f5-b8ec-d28e8cd813c3"},"Teams Templates":{"tableName":"c544cbe3-59ab-4a30-aed0-42334a37ed02"}}}},"apiTier":"Standard","isCustomApiConnection":false}},"databaseReferences":{},"almMode":"Environment","performanceOptimizationEnabled":false,"canConsumeAppPass":true,"executionRestrictions":{"isTeamsOnly":false,"dataLossPreventionEvaluationResult":{"status":"Compliant","lastEvaluationDate":"2020-10-19T12:44:06.5680077Z","violationDetails":[]}}},"isAppComponentLibrary":false,"appType":"ClassicCanvasApp","appComponents":[]}}